<?xml version="1.0"?>
<doc>
    <assembly>
        <name>MaggieDixon.Listings</name>
    </assembly>
    <members>
        <member name="T:DotNetNuke.Modules.MaggieDixon.Components.FeatureController">
            -----------------------------------------------------------------------------
            <summary>
            The Controller class for MaggieDixon
            
            The FeatureController class is defined as the BusinessController in the manifest file (.dnn)
            DotNetNuke will poll this class to find out which Interfaces the class implements. 
            
            The IPortable interface is used to import/export content from a DNN module
            
            The ISearchable interface is used by DNN to index the content of a module
            
            The IUpgradeable interface allows module developers to execute code during the upgrade 
            process for a module.
            
            Below you will find stubbed out implementations of each, uncomment and populate with your own data
            </summary>
            -----------------------------------------------------------------------------
        </member>
        <member name="M:DotNetNuke.Modules.MaggieDixon.Components.FeatureController.GetRentListings">
            -----------------------------------------------------------------------------
            <summary>
            UpgradeModule implements the IUpgradeable Interface
            </summary>
            <param name="Version">The current version of the module</param>
            -----------------------------------------------------------------------------
        </member>
        <member name="T:DotNetNuke.Modules.MaggieDixon.Edit">
            -----------------------------------------------------------------------------
            <summary>
            The EditMaggieDixon class is used to manage content
            
            Typically your edit control would be used to create new content, or edit existing content within your module.
            The ControlKey for this control is "Edit", and is defined in the manifest (.dnn) file.
            
            Because the control inherits from MaggieDixonModuleBase you have access to any custom properties
            defined there, as well as properties from DNN such as PortalId, ModuleId, TabId, UserId and many more.
            
            </summary>
            -----------------------------------------------------------------------------
        </member>
        <member name="T:DotNetNuke.Modules.MaggieDixon.MaggieDixonModuleBase">
            <summary>
            This base class can be used to define custom properties for multiple controls. 
            An example module, DNNSimpleArticle (http://dnnsimplearticle.codeplex.com) uses this for an ArticleId
            
            Because the class inherits from PortalModuleBase, properties like ModuleId, TabId, UserId, and others, 
            are accessible to your module's controls (that inherity from MaggieDixonModuleBase
            
            </summary>
        </member>
        <member name="M:DotNetNuke.Modules.MaggieDixon.Edit.Page_Load(System.Object,System.EventArgs)">
            -----------------------------------------------------------------------------
            <summary>
            Page_Load runs when the control is loaded
            </summary>
            -----------------------------------------------------------------------------
        </member>
        <member name="F:DotNetNuke.Modules.MaggieDixon.Edit.btnUpdate">
            <summary>
            btnUpdate control.
            </summary>
            <remarks>
            Auto-generated field.
            To modify move field declaration from designer file to code-behind file.
            </remarks>
        </member>
        <member name="T:DotNetNuke.Modules.MaggieDixon.Data.SqlDataProvider">
            -----------------------------------------------------------------------------
            <summary>
            SQL Server implementation of the abstract DataProvider class
            
            This concreted data provider class provides the implementation of the abstract methods 
            from data dataprovider.cs
            
            In most cases you will only modify the Public methods region below.
            </summary>
            -----------------------------------------------------------------------------
        </member>
        <member name="T:DotNetNuke.Modules.MaggieDixon.Data.DataProvider">
            -----------------------------------------------------------------------------
            <summary>
            An abstract class for the data access layer
            
            The abstract data provider provides the methods that a control data provider (sqldataprovider)
            must implement. You'll find two commented out examples in the Abstract methods region below.
            </summary>
            -----------------------------------------------------------------------------
        </member>
        <member name="T:DotNetNuke.Modules.MaggieDixon.View">
            -----------------------------------------------------------------------------
            <summary>
            The View class displays the content
            
            Typically your view control would be used to display content or functionality in your module.
            
            View may be the only control you have in your project depending on the complexity of your module
            
            Because the control inherits from MaggieDixonModuleBase you have access to any custom properties
            defined there, as well as properties from DNN such as PortalId, ModuleId, TabId, UserId and many more.
            
            </summary>
            -----------------------------------------------------------------------------
        </member>
        <member name="F:DotNetNuke.Modules.MaggieDixon.View.SearchHolder">
            <summary>
            SearchHolder control.
            </summary>
            <remarks>
            Auto-generated field.
            To modify move field declaration from designer file to code-behind file.
            </remarks>
        </member>
        <member name="F:DotNetNuke.Modules.MaggieDixon.View.lnkbtnBuyClick">
            <summary>
            lnkbtnBuyClick control.
            </summary>
            <remarks>
            Auto-generated field.
            To modify move field declaration from designer file to code-behind file.
            </remarks>
        </member>
        <member name="F:DotNetNuke.Modules.MaggieDixon.View.lnkbtnRent">
            <summary>
            lnkbtnRent control.
            </summary>
            <remarks>
            Auto-generated field.
            To modify move field declaration from designer file to code-behind file.
            </remarks>
        </member>
        <member name="F:DotNetNuke.Modules.MaggieDixon.View.ddlCategory">
            <summary>
            ddlCategory control.
            </summary>
            <remarks>
            Auto-generated field.
            To modify move field declaration from designer file to code-behind file.
            </remarks>
        </member>
        <member name="F:DotNetNuke.Modules.MaggieDixon.View.chkSuburbs">
            <summary>
            chkSuburbs control.
            </summary>
            <remarks>
            Auto-generated field.
            To modify move field declaration from designer file to code-behind file.
            </remarks>
        </member>
        <member name="F:DotNetNuke.Modules.MaggieDixon.View.ddlPriceMin">
            <summary>
            ddlPriceMin control.
            </summary>
            <remarks>
            Auto-generated field.
            To modify move field declaration from designer file to code-behind file.
            </remarks>
        </member>
        <member name="F:DotNetNuke.Modules.MaggieDixon.View.ddlPriceMax">
            <summary>
            ddlPriceMax control.
            </summary>
            <remarks>
            Auto-generated field.
            To modify move field declaration from designer file to code-behind file.
            </remarks>
        </member>
        <member name="F:DotNetNuke.Modules.MaggieDixon.View.ddlBedRoomsMin">
            <summary>
            ddlBedRoomsMin control.
            </summary>
            <remarks>
            Auto-generated field.
            To modify move field declaration from designer file to code-behind file.
            </remarks>
        </member>
        <member name="F:DotNetNuke.Modules.MaggieDixon.View.ddlBedroomMax">
            <summary>
            ddlBedroomMax control.
            </summary>
            <remarks>
            Auto-generated field.
            To modify move field declaration from designer file to code-behind file.
            </remarks>
        </member>
        <member name="F:DotNetNuke.Modules.MaggieDixon.View.ddlBathroomMin">
            <summary>
            ddlBathroomMin control.
            </summary>
            <remarks>
            Auto-generated field.
            To modify move field declaration from designer file to code-behind file.
            </remarks>
        </member>
        <member name="F:DotNetNuke.Modules.MaggieDixon.View.ddlBathRoomMax">
            <summary>
            ddlBathRoomMax control.
            </summary>
            <remarks>
            Auto-generated field.
            To modify move field declaration from designer file to code-behind file.
            </remarks>
        </member>
        <member name="F:DotNetNuke.Modules.MaggieDixon.View.txtsearch">
            <summary>
            txtsearch control.
            </summary>
            <remarks>
            Auto-generated field.
            To modify move field declaration from designer file to code-behind file.
            </remarks>
        </member>
        <member name="F:DotNetNuke.Modules.MaggieDixon.View.imgbuttonGoBasic">
            <summary>
            imgbuttonGoBasic control.
            </summary>
            <remarks>
            Auto-generated field.
            To modify move field declaration from designer file to code-behind file.
            </remarks>
        </member>
        <member name="F:DotNetNuke.Modules.MaggieDixon.View.txtId">
            <summary>
            txtId control.
            </summary>
            <remarks>
            Auto-generated field.
            To modify move field declaration from designer file to code-behind file.
            </remarks>
        </member>
        <member name="F:DotNetNuke.Modules.MaggieDixon.View.imgbuttonGoSearchById">
            <summary>
            imgbuttonGoSearchById control.
            </summary>
            <remarks>
            Auto-generated field.
            To modify move field declaration from designer file to code-behind file.
            </remarks>
        </member>
        <member name="F:DotNetNuke.Modules.MaggieDixon.View.ListingHolder">
            <summary>
            ListingHolder control.
            </summary>
            <remarks>
            Auto-generated field.
            To modify move field declaration from designer file to code-behind file.
            </remarks>
        </member>
        <member name="F:DotNetNuke.Modules.MaggieDixon.View.btnListView">
            <summary>
            btnListView control.
            </summary>
            <remarks>
            Auto-generated field.
            To modify move field declaration from designer file to code-behind file.
            </remarks>
        </member>
        <member name="F:DotNetNuke.Modules.MaggieDixon.View.btnGridView">
            <summary>
            btnGridView control.
            </summary>
            <remarks>
            Auto-generated field.
            To modify move field declaration from designer file to code-behind file.
            </remarks>
        </member>
        <member name="F:DotNetNuke.Modules.MaggieDixon.View.btnBackTop">
            <summary>
            btnBackTop control.
            </summary>
            <remarks>
            Auto-generated field.
            To modify move field declaration from designer file to code-behind file.
            </remarks>
        </member>
        <member name="F:DotNetNuke.Modules.MaggieDixon.View.lblStatus">
            <summary>
            lblStatus control.
            </summary>
            <remarks>
            Auto-generated field.
            To modify move field declaration from designer file to code-behind file.
            </remarks>
        </member>
        <member name="F:DotNetNuke.Modules.MaggieDixon.View.lbtnFirst">
            <summary>
            lbtnFirst control.
            </summary>
            <remarks>
            Auto-generated field.
            To modify move field declaration from designer file to code-behind file.
            </remarks>
        </member>
        <member name="F:DotNetNuke.Modules.MaggieDixon.View.lbtnPrev">
            <summary>
            lbtnPrev control.
            </summary>
            <remarks>
            Auto-generated field.
            To modify move field declaration from designer file to code-behind file.
            </remarks>
        </member>
        <member name="F:DotNetNuke.Modules.MaggieDixon.View.lblPage">
            <summary>
            lblPage control.
            </summary>
            <remarks>
            Auto-generated field.
            To modify move field declaration from designer file to code-behind file.
            </remarks>
        </member>
        <member name="F:DotNetNuke.Modules.MaggieDixon.View.lbtnNext">
            <summary>
            lbtnNext control.
            </summary>
            <remarks>
            Auto-generated field.
            To modify move field declaration from designer file to code-behind file.
            </remarks>
        </member>
        <member name="F:DotNetNuke.Modules.MaggieDixon.View.lbtnLast">
            <summary>
            lbtnLast control.
            </summary>
            <remarks>
            Auto-generated field.
            To modify move field declaration from designer file to code-behind file.
            </remarks>
        </member>
        <member name="F:DotNetNuke.Modules.MaggieDixon.View.ddlSort">
            <summary>
            ddlSort control.
            </summary>
            <remarks>
            Auto-generated field.
            To modify move field declaration from designer file to code-behind file.
            </remarks>
        </member>
        <member name="F:DotNetNuke.Modules.MaggieDixon.View.divListView">
            <summary>
            divListView control.
            </summary>
            <remarks>
            Auto-generated field.
            To modify move field declaration from designer file to code-behind file.
            </remarks>
        </member>
        <member name="F:DotNetNuke.Modules.MaggieDixon.View.rpt">
            <summary>
            rpt control.
            </summary>
            <remarks>
            Auto-generated field.
            To modify move field declaration from designer file to code-behind file.
            </remarks>
        </member>
        <member name="F:DotNetNuke.Modules.MaggieDixon.View.divGridView">
            <summary>
            divGridView control.
            </summary>
            <remarks>
            Auto-generated field.
            To modify move field declaration from designer file to code-behind file.
            </remarks>
        </member>
        <member name="F:DotNetNuke.Modules.MaggieDixon.View.dtGridView">
            <summary>
            dtGridView control.
            </summary>
            <remarks>
            Auto-generated field.
            To modify move field declaration from designer file to code-behind file.
            </remarks>
        </member>
        <member name="F:DotNetNuke.Modules.MaggieDixon.View.divDetailedView">
            <summary>
            divDetailedView control.
            </summary>
            <remarks>
            Auto-generated field.
            To modify move field declaration from designer file to code-behind file.
            </remarks>
        </member>
        <member name="F:DotNetNuke.Modules.MaggieDixon.View.lblHeading">
            <summary>
            lblHeading control.
            </summary>
            <remarks>
            Auto-generated field.
            To modify move field declaration from designer file to code-behind file.
            </remarks>
        </member>
        <member name="F:DotNetNuke.Modules.MaggieDixon.View.lblAddress">
            <summary>
            lblAddress control.
            </summary>
            <remarks>
            Auto-generated field.
            To modify move field declaration from designer file to code-behind file.
            </remarks>
        </member>
        <member name="F:DotNetNuke.Modules.MaggieDixon.View.lblPrice">
            <summary>
            lblPrice control.
            </summary>
            <remarks>
            Auto-generated field.
            To modify move field declaration from designer file to code-behind file.
            </remarks>
        </member>
        <member name="F:DotNetNuke.Modules.MaggieDixon.View.lblBesNoImage">
            <summary>
            lblBesNoImage control.
            </summary>
            <remarks>
            Auto-generated field.
            To modify move field declaration from designer file to code-behind file.
            </remarks>
        </member>
        <member name="F:DotNetNuke.Modules.MaggieDixon.View.lblBathNoImg">
            <summary>
            lblBathNoImg control.
            </summary>
            <remarks>
            Auto-generated field.
            To modify move field declaration from designer file to code-behind file.
            </remarks>
        </member>
        <member name="F:DotNetNuke.Modules.MaggieDixon.View.lblCarNoImg">
            <summary>
            lblCarNoImg control.
            </summary>
            <remarks>
            Auto-generated field.
            To modify move field declaration from designer file to code-behind file.
            </remarks>
        </member>
        <member name="F:DotNetNuke.Modules.MaggieDixon.View.lblId">
            <summary>
            lblId control.
            </summary>
            <remarks>
            Auto-generated field.
            To modify move field declaration from designer file to code-behind file.
            </remarks>
        </member>
        <member name="F:DotNetNuke.Modules.MaggieDixon.View.rptImages">
            <summary>
            rptImages control.
            </summary>
            <remarks>
            Auto-generated field.
            To modify move field declaration from designer file to code-behind file.
            </remarks>
        </member>
        <member name="F:DotNetNuke.Modules.MaggieDixon.View.lblAboutPropery">
            <summary>
            lblAboutPropery control.
            </summary>
            <remarks>
            Auto-generated field.
            To modify move field declaration from designer file to code-behind file.
            </remarks>
        </member>
        <member name="F:DotNetNuke.Modules.MaggieDixon.View.lblFeatureTitle">
            <summary>
            lblFeatureTitle control.
            </summary>
            <remarks>
            Auto-generated field.
            To modify move field declaration from designer file to code-behind file.
            </remarks>
        </member>
        <member name="F:DotNetNuke.Modules.MaggieDixon.View.rptFeatures">
            <summary>
            rptFeatures control.
            </summary>
            <remarks>
            Auto-generated field.
            To modify move field declaration from designer file to code-behind file.
            </remarks>
        </member>
        <member name="F:DotNetNuke.Modules.MaggieDixon.View.lblOtherFeaturesTitle">
            <summary>
            lblOtherFeaturesTitle control.
            </summary>
            <remarks>
            Auto-generated field.
            To modify move field declaration from designer file to code-behind file.
            </remarks>
        </member>
        <member name="F:DotNetNuke.Modules.MaggieDixon.View.lblOtherFeatures">
            <summary>
            lblOtherFeatures control.
            </summary>
            <remarks>
            Auto-generated field.
            To modify move field declaration from designer file to code-behind file.
            </remarks>
        </member>
        <member name="F:DotNetNuke.Modules.MaggieDixon.View.lblDateAvailableTitle">
            <summary>
            lblDateAvailableTitle control.
            </summary>
            <remarks>
            Auto-generated field.
            To modify move field declaration from designer file to code-behind file.
            </remarks>
        </member>
        <member name="F:DotNetNuke.Modules.MaggieDixon.View.lblDateAvailable">
            <summary>
            lblDateAvailable control.
            </summary>
            <remarks>
            Auto-generated field.
            To modify move field declaration from designer file to code-behind file.
            </remarks>
        </member>
        <member name="F:DotNetNuke.Modules.MaggieDixon.View.lblCategory">
            <summary>
            lblCategory control.
            </summary>
            <remarks>
            Auto-generated field.
            To modify move field declaration from designer file to code-behind file.
            </remarks>
        </member>
        <member name="F:DotNetNuke.Modules.MaggieDixon.View.lblSubCategory">
            <summary>
            lblSubCategory control.
            </summary>
            <remarks>
            Auto-generated field.
            To modify move field declaration from designer file to code-behind file.
            </remarks>
        </member>
        <member name="F:DotNetNuke.Modules.MaggieDixon.View.lblNoOfBedRooms">
            <summary>
            lblNoOfBedRooms control.
            </summary>
            <remarks>
            Auto-generated field.
            To modify move field declaration from designer file to code-behind file.
            </remarks>
        </member>
        <member name="F:DotNetNuke.Modules.MaggieDixon.View.lblNoOfEnsuites">
            <summary>
            lblNoOfEnsuites control.
            </summary>
            <remarks>
            Auto-generated field.
            To modify move field declaration from designer file to code-behind file.
            </remarks>
        </member>
        <member name="F:DotNetNuke.Modules.MaggieDixon.View.lblNoOfBathrooms">
            <summary>
            lblNoOfBathrooms control.
            </summary>
            <remarks>
            Auto-generated field.
            To modify move field declaration from designer file to code-behind file.
            </remarks>
        </member>
        <member name="F:DotNetNuke.Modules.MaggieDixon.View.lblNoOfCarParks">
            <summary>
            lblNoOfCarParks control.
            </summary>
            <remarks>
            Auto-generated field.
            To modify move field declaration from designer file to code-behind file.
            </remarks>
        </member>
        <member name="F:DotNetNuke.Modules.MaggieDixon.View.trFloorArea">
            <summary>
            trFloorArea control.
            </summary>
            <remarks>
            Auto-generated field.
            To modify move field declaration from designer file to code-behind file.
            </remarks>
        </member>
        <member name="F:DotNetNuke.Modules.MaggieDixon.View.lblFloorArea">
            <summary>
            lblFloorArea control.
            </summary>
            <remarks>
            Auto-generated field.
            To modify move field declaration from designer file to code-behind file.
            </remarks>
        </member>
        <member name="F:DotNetNuke.Modules.MaggieDixon.View.trLandArea">
            <summary>
            trLandArea control.
            </summary>
            <remarks>
            Auto-generated field.
            To modify move field declaration from designer file to code-behind file.
            </remarks>
        </member>
        <member name="F:DotNetNuke.Modules.MaggieDixon.View.lblLandArea">
            <summary>
            lblLandArea control.
            </summary>
            <remarks>
            Auto-generated field.
            To modify move field declaration from designer file to code-behind file.
            </remarks>
        </member>
        <member name="F:DotNetNuke.Modules.MaggieDixon.View.txtName">
            <summary>
            txtName control.
            </summary>
            <remarks>
            Auto-generated field.
            To modify move field declaration from designer file to code-behind file.
            </remarks>
        </member>
        <member name="F:DotNetNuke.Modules.MaggieDixon.View.txtEmail">
            <summary>
            txtEmail control.
            </summary>
            <remarks>
            Auto-generated field.
            To modify move field declaration from designer file to code-behind file.
            </remarks>
        </member>
        <member name="F:DotNetNuke.Modules.MaggieDixon.View.txtPhone">
            <summary>
            txtPhone control.
            </summary>
            <remarks>
            Auto-generated field.
            To modify move field declaration from designer file to code-behind file.
            </remarks>
        </member>
        <member name="F:DotNetNuke.Modules.MaggieDixon.View.txtEnquiry">
            <summary>
            txtEnquiry control.
            </summary>
            <remarks>
            Auto-generated field.
            To modify move field declaration from designer file to code-behind file.
            </remarks>
        </member>
        <member name="F:DotNetNuke.Modules.MaggieDixon.View.lbloutmsg">
            <summary>
            lbloutmsg control.
            </summary>
            <remarks>
            Auto-generated field.
            To modify move field declaration from designer file to code-behind file.
            </remarks>
        </member>
        <member name="F:DotNetNuke.Modules.MaggieDixon.View.btnSendMail">
            <summary>
            btnSendMail control.
            </summary>
            <remarks>
            Auto-generated field.
            To modify move field declaration from designer file to code-behind file.
            </remarks>
        </member>
        <member name="F:DotNetNuke.Modules.MaggieDixon.View.btnBackBottom">
            <summary>
            btnBackBottom control.
            </summary>
            <remarks>
            Auto-generated field.
            To modify move field declaration from designer file to code-behind file.
            </remarks>
        </member>
        <member name="F:DotNetNuke.Modules.MaggieDixon.View.detailsviewRelated">
            <summary>
            detailsviewRelated control.
            </summary>
            <remarks>
            Auto-generated field.
            To modify move field declaration from designer file to code-behind file.
            </remarks>
        </member>
        <member name="F:DotNetNuke.Modules.MaggieDixon.View.lblNoRecord">
            <summary>
            lblNoRecord control.
            </summary>
            <remarks>
            Auto-generated field.
            To modify move field declaration from designer file to code-behind file.
            </remarks>
        </member>
        <member name="F:DotNetNuke.Modules.MaggieDixon.View.hdnAddress">
            <summary>
            hdnAddress control.
            </summary>
            <remarks>
            Auto-generated field.
            To modify move field declaration from designer file to code-behind file.
            </remarks>
        </member>
        <member name="M:DotNetNuke.Modules.MaggieDixon.View.Page_Load(System.Object,System.EventArgs)">
            -----------------------------------------------------------------------------
            <summary>
            Page_Load runs when the control is loaded
            </summary>
            -----------------------------------------------------------------------------
        </member>
        <member name="T:DotNetNuke.Modules.MaggieDixon.MaggieDixonSettingsBase">
            <summary>
            This base class can be used to define custom properties for multiple controls. 
            An example module, DNNSimpleArticle (http://dnnsimplearticle.codeplex.com) uses this for an ArticleId
            
            Because the class inherits from SettingsModuleBase, properties like ModuleId, TabId, UserId, and others, 
            are accessible to your module's controls (that inherity from MaggieDixonSettingsBase
            
            </summary>
        </member>
        <member name="T:DotNetNuke.Modules.MaggieDixon.Settings">
            -----------------------------------------------------------------------------
            <summary>
            The Settings class manages Module Settings
            
            Typically your settings control would be used to manage settings for your module.
            There are two types of settings, ModuleSettings, and TabModuleSettings.
            
            ModuleSettings apply to all "copies" of a module on a site, no matter which page the module is on. 
            
            TabModuleSettings apply only to the current module on the current page, if you copy that module to
            another page the settings are not transferred.
            
            If you happen to save both TabModuleSettings and ModuleSettings, TabModuleSettings overrides ModuleSettings.
            
            Below we have some examples of how to access these settings but you will need to uncomment to use.
            
            Because the control inherits from MaggieDixonSettingsBase you have access to any custom properties
            defined there, as well as properties from DNN such as PortalId, ModuleId, TabId, UserId and many more.
            </summary>
            -----------------------------------------------------------------------------
        </member>
        <member name="M:DotNetNuke.Modules.MaggieDixon.Settings.LoadSettings">
            -----------------------------------------------------------------------------
            <summary>
            LoadSettings loads the settings from the Database and displays them
            </summary>
            -----------------------------------------------------------------------------
        </member>
        <member name="M:DotNetNuke.Modules.MaggieDixon.Settings.UpdateSettings">
            -----------------------------------------------------------------------------
            <summary>
            UpdateSettings saves the modified settings to the Database
            </summary>
            -----------------------------------------------------------------------------
        </member>
        <member name="F:DotNetNuke.Modules.MaggieDixon.Settings.lblSetting">
            <summary>
            lblSetting control.
            </summary>
            <remarks>
            Auto-generated field.
            To modify move field declaration from designer file to code-behind file.
            </remarks>
        </member>
        <member name="F:DotNetNuke.Modules.MaggieDixon.Settings.rbtListXml">
            <summary>
            rbtListXml control.
            </summary>
            <remarks>
            Auto-generated field.
            To modify move field declaration from designer file to code-behind file.
            </remarks>
        </member>
        <member name="F:DotNetNuke.Modules.MaggieDixon.Settings.Label1">
            <summary>
            Label1 control.
            </summary>
            <remarks>
            Auto-generated field.
            To modify move field declaration from designer file to code-behind file.
            </remarks>
        </member>
        <member name="F:DotNetNuke.Modules.MaggieDixon.Settings.txtBuyLink">
            <summary>
            txtBuyLink control.
            </summary>
            <remarks>
            Auto-generated field.
            To modify move field declaration from designer file to code-behind file.
            </remarks>
        </member>
        <member name="F:DotNetNuke.Modules.MaggieDixon.Settings.Label2">
            <summary>
            Label2 control.
            </summary>
            <remarks>
            Auto-generated field.
            To modify move field declaration from designer file to code-behind file.
            </remarks>
        </member>
        <member name="F:DotNetNuke.Modules.MaggieDixon.Settings.txtRentLink">
            <summary>
            txtRentLink control.
            </summary>
            <remarks>
            Auto-generated field.
            To modify move field declaration from designer file to code-behind file.
            </remarks>
        </member>
        <member name="F:DotNetNuke.Modules.MaggieDixon.Settings.Label3">
            <summary>
            Label3 control.
            </summary>
            <remarks>
            Auto-generated field.
            To modify move field declaration from designer file to code-behind file.
            </remarks>
        </member>
        <member name="F:DotNetNuke.Modules.MaggieDixon.Settings.txtBuyContactEmail">
            <summary>
            txtBuyContactEmail control.
            </summary>
            <remarks>
            Auto-generated field.
            To modify move field declaration from designer file to code-behind file.
            </remarks>
        </member>
        <member name="F:DotNetNuke.Modules.MaggieDixon.Settings.Label4">
            <summary>
            Label4 control.
            </summary>
            <remarks>
            Auto-generated field.
            To modify move field declaration from designer file to code-behind file.
            </remarks>
        </member>
        <member name="F:DotNetNuke.Modules.MaggieDixon.Settings.txtRentContactEmail">
            <summary>
            txtRentContactEmail control.
            </summary>
            <remarks>
            Auto-generated field.
            To modify move field declaration from designer file to code-behind file.
            </remarks>
        </member>
    </members>
</doc>
