<?xml version="1.0" encoding="UTF-8"?><?xml-stylesheet type='text/xsl' href='_UpgradeReport_Files/UpgradeReport.xslt'?><UpgradeLog>
<Properties><Property Name="Solution" Value="MaggieDixon">
</Property><Property Name="Solution File" Value="F:\MaggieDixon\MaggieDixon\MaggieDixon\MaggieDixon.sln">
</Property><Property Name="Date" Value="11 September 2013">
</Property><Property Name="Time" Value="22:46:56">
</Property></Properties><Event ErrorLevel="0" Project="MaggieDixon" Source="MaggieDixon.csproj" Description="Project converted successfully">
</Event><Event ErrorLevel="3" Project="MaggieDixon" Source="MaggieDixon.csproj" Description="Converted">
</Event><Event ErrorLevel="0" Project="MaggieDixon" Source="MaggieDixon.csproj" Description="Scan complete: Upgrade not required for project files.">
</Event></UpgradeLog>